id,title,primary_companies,primary_company_ticker,released_at,source_label,source_descriptor,summary,page_count
sample-001,Former Finance Director on Northwind Robotics: unit economics of the newest product line,Northwind Robotics,NWRB,2025-04-09T18:00:00Z,Synthetic sample,Former Finance Director,"A former finance director discusses Northwind Robotics's unit economics of the newest product line, with emphasis on how warehouse automation demand has shifted over the past four quarters.",8
sample-002,Customer (Procurement Lead) on Northwind Robotics: competitive positioning versus the two largest rivals,Northwind Robotics,NWRB,2025-03-10T17:00:00Z,Synthetic sample,Customer (Procurement Lead),"A customer (procurement lead) discusses Northwind Robotics's competitive positioning versus the two largest rivals, with emphasis on how warehouse automation demand has shifted over the past four quarters.",22
sample-003,Former Head of Supply Chain on Northwind Robotics: pricing power and contract renewals,Northwind Robotics,NWRB,2024-05-28T14:00:00Z,Synthetic sample,Former Head of Supply Chain,Call covering Northwind Robotics's pricing power and contract renewals. The expert compares current practice against peers in warehouse automation and flags what to watch next.,8
sample-004,Former Head of Supply Chain on Cobalt Grid Energy: competitive positioning versus the two largest rivals,Cobalt Grid Energy,CBGE,2025-09-16T14:00:00Z,Synthetic sample,Former Head of Supply Chain,"A former head of supply chain discusses Cobalt Grid Energy's competitive positioning versus the two largest rivals, with emphasis on how battery storage demand has shifted over the past four quarters.",24
sample-005,Former Director of Product on Cobalt Grid Energy: customer churn drivers and retention levers,Cobalt Grid Energy,,2025-12-06T18:00:00Z,Synthetic sample,Former Director of Product,"The expert, a former director of product, walks through customer churn drivers and retention levers at Cobalt Grid Energy and gives a view on realistic scenarios for the next 12 to 18 months.",7
sample-006,Former Head of Engineering on Cobalt Grid Energy: demand signals from the largest customer segment,Cobalt Grid Energy,CBGE,2025-04-11T08:00:00Z,Synthetic sample,Former Head of Engineering,"A former head of engineering discusses Cobalt Grid Energy's demand signals from the largest customer segment, with emphasis on how battery storage demand has shifted over the past four quarters.",7
sample-007,Customer (Procurement Lead) on Harbor Lane Health: unit economics of the newest product line,Harbor Lane Health,HRLH,2024-12-22T14:00:00Z,Synthetic sample,Customer (Procurement Lead),"A customer (procurement lead) discusses Harbor Lane Health's unit economics of the newest product line, with emphasis on how outpatient clinics demand has shifted over the past four quarters.",23
sample-008,Former Director of Product on Harbor Lane Health: demand signals from the largest customer segment,Harbor Lane Health,HRLH,2025-01-10T16:00:00Z,Synthetic sample,Former Director of Product,"The expert, a former director of product, walks through demand signals from the largest customer segment at Harbor Lane Health and gives a view on realistic scenarios for the next 12 to 18 months.",11
sample-009,Former Director of Product on Harbor Lane Health: demand signals from the largest customer segment,Harbor Lane Health,HRLH,2025-10-06T18:00:00Z,Synthetic sample,Former Director of Product,"A former director of product discusses Harbor Lane Health's demand signals from the largest customer segment, with emphasis on how outpatient clinics demand has shifted over the past four quarters.",17
sample-010,Former Director of Product on Sableridge Semiconductors: management changes and execution risk,Sableridge Semiconductors,SBRS,,Synthetic sample,Former Director of Product,"The expert, a former director of product, walks through management changes and execution risk at Sableridge Semiconductors and gives a view on realistic scenarios for the next 12 to 18 months.",7
sample-011,Former Head of Engineering on Sableridge Semiconductors: customer churn drivers and retention levers,Sableridge Semiconductors,SBRS,2025-07-22T18:00:00Z,Synthetic sample,Former Head of Engineering,"The expert, a former head of engineering, walks through customer churn drivers and retention levers at Sableridge Semiconductors and gives a view on realistic scenarios for the next 12 to 18 months.",19
sample-012,Former Finance Director on Sableridge Semiconductors: gross margin outlook through next year,Sableridge Semiconductors,SBRS,2025-10-21T15:00:00Z,Synthetic sample,Former Finance Director,Call covering Sableridge Semiconductors's gross margin outlook through next year. The expert compares current practice against peers in power chips and flags what to watch next.,15
sample-013,Former Head of Supply Chain on Meridian Freight Systems: unit economics of the newest product line,Meridian Freight Systems,MRFS,2026-02-14T11:00:00Z,Synthetic sample,Former Head of Supply Chain,"A former head of supply chain discusses Meridian Freight Systems's unit economics of the newest product line, with emphasis on how cross-border trucking demand has shifted over the past four quarters.",24
sample-014,Industry Consultant on Meridian Freight Systems: management changes and execution risk,Meridian Freight Systems,MRFS,2025-07-20T13:00:00Z,Synthetic sample,Industry Consultant,"The expert, a industry consultant, walks through management changes and execution risk at Meridian Freight Systems and gives a view on realistic scenarios for the next 12 to 18 months.",20
sample-015,Industry Consultant on Meridian Freight Systems: demand signals from the largest customer segment,Meridian Freight Systems,MRFS,2024-05-14T09:00:00Z,Synthetic sample,Industry Consultant,"The expert, a industry consultant, walks through demand signals from the largest customer segment at Meridian Freight Systems and gives a view on realistic scenarios for the next 12 to 18 months.",19
sample-016,Former Regional GM on Juniper Cloud Analytics: channel strategy and distributor incentives,Juniper Cloud Analytics,JNCA,2024-08-03T15:00:00Z,Synthetic sample,Former Regional GM,Call covering Juniper Cloud Analytics's channel strategy and distributor incentives. The expert compares current practice against peers in usage-based data platform and flags what to watch next.,7
sample-017,Former Director of Product on Juniper Cloud Analytics: management changes and execution risk,Juniper Cloud Analytics,JNCA,2025-10-08T13:00:00Z,Synthetic sample,Former Director of Product,Call covering Juniper Cloud Analytics's management changes and execution risk. The expert compares current practice against peers in usage-based data platform and flags what to watch next.,28
sample-018,Former Finance Director on Juniper Cloud Analytics: demand signals from the largest customer segment,Juniper Cloud Analytics,JNCA,2025-07-22T17:00:00Z,Synthetic sample,Former Finance Director,Call covering Juniper Cloud Analytics's demand signals from the largest customer segment. The expert compares current practice against peers in usage-based data platform and flags what to watch next.,8
sample-019,Former Director of Product on Tidewater Foods: capacity expansion timeline and capex needs,Tidewater Foods,TDWF,2025-06-29T18:00:00Z,Synthetic sample,Former Director of Product,"A former director of product discusses Tidewater Foods's capacity expansion timeline and capex needs, with emphasis on how frozen seafood demand has shifted over the past four quarters.",7
sample-020,Industry Consultant on Tidewater Foods: demand signals from the largest customer segment,Tidewater Foods,TDWF,2026-01-27T15:00:00Z,Synthetic sample,Industry Consultant,Call covering Tidewater Foods's demand signals from the largest customer segment. The expert compares current practice against peers in frozen seafood and flags what to watch next.,28
sample-021,Channel Partner Executive on Tidewater Foods: channel strategy and distributor incentives,Tidewater Foods,TDWF,2024-03-24T15:00:00Z,Synthetic sample,Channel Partner Executive,Call covering Tidewater Foods's channel strategy and distributor incentives. The expert compares current practice against peers in frozen seafood and flags what to watch next.,11
sample-022,Former Head of Engineering on Orion Payments: competitive positioning versus the two largest rivals,Orion Payments,ORNP,2025-07-19T08:00:00Z,Synthetic sample,Former Head of Engineering,"A former head of engineering discusses Orion Payments's competitive positioning versus the two largest rivals, with emphasis on how merchant acquiring demand has shifted over the past four quarters.",15
sample-023,Former Regional GM on Orion Payments: customer churn drivers and retention levers,Orion Payments,ORNP,2025-04-12T14:00:00Z,Synthetic sample,Former Regional GM,Call covering Orion Payments's customer churn drivers and retention levers. The expert compares current practice against peers in merchant acquiring and flags what to watch next.,8
sample-024,Former Regional GM on Orion Payments: gross margin outlook through next year,Orion Payments,ORNP,2025-04-16T16:00:00Z,Synthetic sample,Former Regional GM,Call covering Orion Payments's gross margin outlook through next year. The expert compares current practice against peers in merchant acquiring and flags what to watch next.,10
sample-025,Channel Partner Executive on Kestrel Aerospace Parts: management changes and execution risk,Kestrel Aerospace Parts,KSAP,2024-12-11T14:00:00Z,Synthetic sample,Channel Partner Executive,Call covering Kestrel Aerospace Parts's management changes and execution risk. The expert compares current practice against peers in aftermarket components and flags what to watch next.,27
sample-026,Channel Partner Executive on Kestrel Aerospace Parts: customer churn drivers and retention levers,Kestrel Aerospace Parts,KSAP,2024-08-02T09:00:00Z,Synthetic sample,Channel Partner Executive,"A channel partner executive discusses Kestrel Aerospace Parts's customer churn drivers and retention levers, with emphasis on how aftermarket components demand has shifted over the past four quarters.",10
sample-027,Former Head of Supply Chain on Kestrel Aerospace Parts: customer churn drivers and retention levers,Kestrel Aerospace Parts,KSAP,2024-03-13T15:00:00Z,Synthetic sample,Former Head of Supply Chain,"The expert, a former head of supply chain, walks through customer churn drivers and retention levers at Kestrel Aerospace Parts and gives a view on realistic scenarios for the next 12 to 18 months.",11
sample-028,Industry Consultant on Bluefern Biosciences: capacity expansion timeline and capex needs,Bluefern Biosciences,BLFB,2024-03-05T10:00:00Z,Synthetic sample,Industry Consultant,Call covering Bluefern Biosciences's capacity expansion timeline and capex needs. The expert compares current practice against peers in rare disease therapeutics and flags what to watch next.,23
sample-029,Former Finance Director on Bluefern Biosciences: demand signals from the largest customer segment,Bluefern Biosciences,BLFB,2025-10-01T13:00:00Z,Synthetic sample,Former Finance Director,"A former finance director discusses Bluefern Biosciences's demand signals from the largest customer segment, with emphasis on how rare disease therapeutics demand has shifted over the past four quarters.",28
sample-030,Customer (Procurement Lead) on Bluefern Biosciences: demand signals from the largest customer segment,Bluefern Biosciences,BLFB,2025-12-31T18:00:00Z,Synthetic sample,Customer (Procurement Lead),"The expert, a customer (procurement lead), walks through demand signals from the largest customer segment at Bluefern Biosciences and gives a view on realistic scenarios for the next 12 to 18 months.",7
sample-031,Former Plant Manager on Granite Peak Insurance: management changes and execution risk,Granite Peak Insurance,GPKI,2025-04-06T14:00:00Z,Synthetic sample,Former Plant Manager,Call covering Granite Peak Insurance's management changes and execution risk. The expert compares current practice against peers in specialty commercial lines and flags what to watch next.,18
sample-032,Former Director of Product on Granite Peak Insurance: gross margin outlook through next year,Granite Peak Insurance,GPKI,2025-12-10T14:00:00Z,Synthetic sample,Former Director of Product,"A former director of product discusses Granite Peak Insurance's gross margin outlook through next year, with emphasis on how specialty commercial lines demand has shifted over the past four quarters.",12
sample-033,Former Director of Product on Granite Peak Insurance: customer churn drivers and retention levers,Granite Peak Insurance,GPKI,2025-05-26T10:00:00Z,Synthetic sample,Former Director of Product,"A former director of product discusses Granite Peak Insurance's customer churn drivers and retention levers, with emphasis on how specialty commercial lines demand has shifted over the past four quarters.",16
sample-034,Former Head of Engineering on Lumen Street Retail: pricing power and contract renewals,Lumen Street Retail,LMSR,2024-06-13T08:00:00Z,Synthetic sample,Former Head of Engineering,"The expert, a former head of engineering, walks through pricing power and contract renewals at Lumen Street Retail and gives a view on realistic scenarios for the next 12 to 18 months.",10
sample-035,Customer (Procurement Lead) on Lumen Street Retail: competitive positioning versus the two largest rivals,Lumen Street Retail,LMSR,2025-03-08T17:00:00Z,Synthetic sample,Customer (Procurement Lead),"A customer (procurement lead) discusses Lumen Street Retail's competitive positioning versus the two largest rivals, with emphasis on how off-price apparel demand has shifted over the past four quarters.",8
sample-036,Former Head of Supply Chain on Lumen Street Retail: demand signals from the largest customer segment,Lumen Street Retail,LMSR,2025-03-21T10:00:00Z,Synthetic sample,Former Head of Supply Chain,"The expert, a former head of supply chain, walks through demand signals from the largest customer segment at Lumen Street Retail and gives a view on realistic scenarios for the next 12 to 18 months.",14
